"Message",Low,"Starting .NET Native compilation"
"Message",Low,""
"Message",Low,""
"Message",Low,"Task ""Gatekeeper"""
"Message",Normal,"Launching 'C:\Users\Friede\.nuget\packages\microsoft.net.native.compiler\1.6.0\tools\x64\ilc\Tools\Gatekeeper.exe @""e:\documents\visual studio 2017\Projects\RemoteWhiteboard\RemoteWhiteboard\obj\x64\Release\ilc\intermediate\gkargs.rsp""'"
"Message",Low,"Microsoft (R) .NET Native Gatekeeper Version 1.6.24911.00 "
"Message",Low,"Copyright (C) Microsoft Corporation.  All rights reserved. "
"Message",Low," "
"Message",Low,"Checking assembly 'e:\documents\visual studio 2017\Projects\RemoteWhiteboard\RemoteWhiteboard\obj\x64\Release\ilc\in\Coding4Fun.Toolkit.Controls.dll'. "
"Message",Low,"Checking assembly 'e:\documents\visual studio 2017\Projects\RemoteWhiteboard\RemoteWhiteboard\obj\x64\Release\ilc\in\Coding4Fun.Toolkit.dll'. "
"Message",Low,"Checking assembly 'e:\documents\visual studio 2017\Projects\RemoteWhiteboard\RemoteWhiteboard\obj\x64\Release\ilc\in\RemoteWhiteboard.exe'. "
"Message",Normal,"'C:\Users\Friede\.nuget\packages\microsoft.net.native.compiler\1.6.0\tools\x64\ilc\Tools\Gatekeeper.exe @""e:\documents\visual studio 2017\Projects\RemoteWhiteboard\RemoteWhiteboard\obj\x64\Release\ilc\intermediate\gkargs.rsp""' completed."
"Message",Normal,"Process execution statistics (all times in milliseconds)"
"Message",Normal,"-----------------------------------------------------------------------------"
"Message",Normal,"launch  |  start   |   stop   |   end    | duration | lifetime | [slot] name"
"Message",Normal,"-----------------------------------------------------------------------------"
"Message",Normal,"      16 |       16 |      766 |      766 |      750 |      750 | [0] Gatekeeper"
"Message",Normal,"Number of commands:      1"
"Message",Normal,"Total system time:       766 ms"
"Message",Normal,"System time per command: 766 ms"
"Message",Normal,"Total duration:          750 ms"
"Message",Normal,"Total lifetime:          750 ms"
"Message",Normal,"Requested DOP:           4"
"Message",Normal,"Duration DOP:            1.0"
"Message",Normal,"Lifetime DOP:            1.0"
"Message",Low,"Done executing task ""Gatekeeper""."
"Message",Low,"Done building target ""RunGatekeeper"" in file ""Preparation""."
"Message",Low,""
"Message",Low,"Task ""InjectWindowsRuntimeTypeForwards"""
"Message",Normal,"Running 'InjectWindowsRuntimeTypeForwards' transform, heap at 10 MB."
"Message",Normal,"Running 'WriteAssemblies' transform, heap at 14 MB."
"Message",Normal,""
"Message",Normal,"Transform summary"
"Message",Normal,"    ms | heap delta | name"
"Message",Normal,"   259 |          4 | InjectWindowsRuntimeTypeForwards"
"Message",Normal,"   256 |          2 | WriteAssemblies"
"Message",Low,"Done executing task ""InjectWindowsRuntimeTypeForwards""."
"Message",Low,"Done building target ""InjectWindowRuntimeTypeForwards"" in file ""Preparation""."
"Message",Low,""
"Message",Low,"Task ""PreResolveAssemblyClosure"""
"Message",Low,"Done executing task ""PreResolveAssemblyClosure""."
"Message",Low,"Done building target ""PreResolveTransforms"" in file ""Preparation""."
"Message",Low,""
"Message",Low,"Task ""InitialAssemblyClosure"""
"Message",Low,"Done executing task ""InitialAssemblyClosure""."
"Message",Low,"Task ""ResolveInitialReferencesAssemblyClosure1"""
"Message",Low,"Done executing task ""ResolveInitialReferencesAssemblyClosure1""."
"Message",Low,"Task ""ResolveInitialReferencesAssemblyClosure2"""
"Message",Low,"Done executing task ""ResolveInitialReferencesAssemblyClosure2""."
"Message",Low,"Done building target ""ResolveInitialReferences"" in file ""Preparation""."
"Message",Low,"Done building project ""Preparation""."
"Message",Low,""
"Message",Low,""
"Message",High,"Processing application code"
"Message",Low,"Task ""ValidateSimpleNames"""
"Message",Low,"Done executing task ""ValidateSimpleNames""."
"Message",Low,"Task ""McgContractsResolveFilePath"""
"Message",Low,"Done executing task ""McgContractsResolveFilePath""."
"Message",Low,"Task ""McgFacadeResolveFilePath"""
"Message",Low,"Done executing task ""McgFacadeResolveFilePath""."
"Message",Low,"Task ""FinalAssemblyClosureRootsResolveFilePaths"""
"Message",Low,"Done executing task ""FinalAssemblyClosureRootsResolveFilePaths""."
"Message",Low,"Task ""FinalAssemblyClosure"""
"Message",Low,"Done executing task ""FinalAssemblyClosure""."
"Message",Low,"Task ""RunILTransforms"""
"Message",Normal,"Running 'Analysis' transform, heap at 18 MB."
"Message",Low,"Loading 65 modules..."
"Message",Normal,"Imported reflection directives from 7 files:"
"Message",Normal,"e:\documents\visual studio 2017\Projects\RemoteWhiteboard\RemoteWhiteboard\obj\x64\Release\ilc\in\Properties\Default.rd.xml"
"Message",Normal,"Embedded manifest in System.Diagnostics.Tracing: Resources.System.Diagnostics.Tracing.rd.xml"
"Message",Normal,"Embedded manifest in System.Private.Reflection: System.Private.Reflection.rd.xml"
"Message",Normal,"Embedded manifest in System.Private.CoreLib: Resources.System.Private.CoreLib.rd.xml"
"Message",Normal,"Embedded manifest in System.Private.Uri: Resources.System.Private.Uri.rd.xml"
"Message",Normal,"Embedded manifest in System.Private.Reflection.Core: System.Private.Reflection.Core.rd.xml"
"Message",Normal,"Embedded manifest in System.Private.Interop: Resources.System.Private.Interop.rd.xml"
"Message",Normal,"Imported XAML Roots from 2 files:"
"Message",Normal,"e:\documents\visual studio 2017\Projects\RemoteWhiteboard\RemoteWhiteboard\obj\x64\Release\ilc\in\RemoteWhiteboard.xr.xml"
"Message",Normal,"e:\documents\visual studio 2017\Projects\RemoteWhiteboard\RemoteWhiteboard\obj\x64\Release\ilc\in\Coding4Fun.Toolkit.Controls\Coding4Fun.Toolkit.Controls.xr.xml"
"Message",Normal,"Running 'Mcg' transform, heap at 97 MB."
"Message",High,"Computing application closure and generating interop code"
"Message",Normal,"  List of .lib files:"
"Message",Normal,"      WindowsApp.lib"
"Message",Normal,"      winsqlite3.lib"
"Message",Normal,"  List of .lib search paths:"
"Message",Normal,"      C:\Program Files (x86)\Windows Kits\10\lib\10.0.14393.0\um\x64"
"Message",Normal,"  Loading exports from libs..."
"Message",Normal,"      2543 exports read from 'C:\Program Files (x86)\Windows Kits\10\lib\10.0.14393.0\um\x64\WindowsApp.lib'."
"Message",Normal,"      231 exports read from 'C:\Program Files (x86)\Windows Kits\10\lib\10.0.14393.0\um\x64\winsqlite3.lib'."
"Message",High,"  Loading 65 modules..."
"Message",Normal,"          P/Invoke 'RhWaitForPendingFinalizers' with [DllImport(ExactSpelling=true)] resolved to '[MRT]!RhWaitForPendingFinalizers'."
"Message",Normal,"          P/Invoke 'RhYield' with [DllImport(ExactSpelling=true)] resolved to '[MRT]!RhYield'."
"Message",Normal,"          P/Invoke 'RhCompatibleReentrantWaitAny' with [DllImport(ExactSpelling=true)] resolved to '[MRT]!RhCompatibleReentrantWaitAny'."
"Message",Normal,"          P/Invoke '_ecvt_s' with [DllImport(ExactSpelling=true)] resolved to '[MRT]!_ecvt_s'."
"Message",Normal,"          P/Invoke 'memmove' with [DllImport(ExactSpelling=true)] resolved to '[MRT]!memmove'."
"Message",Normal,"          P/Invoke 'CallingConventionConverter_GetStubs' with [DllImport(ExactSpelling=true)] resolved to '*!CallingConventionConverter_GetStubs'."
"Message",Normal,"          P/Invoke 'GetLastError' resolved to 'api-ms-win-core-errorhandling-l1-1-1.dll!GetLastError' from 'C:\Program Files (x86)\Windows Kits\10\lib\10.0.14393.0\um\x64\WindowsApp.lib'."
"Message",Normal,"          P/Invoke 'RoInitialize' resolved to 'api-ms-win-core-winrt-l1-1-0.dll!RoInitialize' from 'C:\Program Files (x86)\Windows Kits\10\lib\10.0.14393.0\um\x64\WindowsApp.lib'."
"Message",Normal,"          P/Invoke 'IsValidLocaleName' resolved to 'api-ms-win-core-localization-l1-2-1.dll!IsValidLocaleName' from 'C:\Program Files (x86)\Windows Kits\10\lib\10.0.14393.0\um\x64\WindowsApp.lib'."
"Message",Normal,"          P/Invoke 'ResolveLocaleName' resolved to 'api-ms-win-core-localization-l1-2-1.dll!ResolveLocaleName' from 'C:\Program Files (x86)\Windows Kits\10\lib\10.0.14393.0\um\x64\WindowsApp.lib'."
"Message",Normal,"          P/Invoke 'RtlIpv6StringToAddressExW' resolved to 'ntdll.dll!RtlIpv6StringToAddressExW' from 'C:\Program Files (x86)\Windows Kits\10\lib\10.0.14393.0\um\x64\WindowsApp.lib'."
"Message",Normal,"          P/Invoke 'RtlIpv4StringToAddressExW' resolved to 'ntdll.dll!RtlIpv4StringToAddressExW' from 'C:\Program Files (x86)\Windows Kits\10\lib\10.0.14393.0\um\x64\WindowsApp.lib'."
"Message",Normal,"          P/Invoke 'WSAConnect' resolved to 'ws2_32.dll!WSAConnect' from 'C:\Program Files (x86)\Windows Kits\10\lib\10.0.14393.0\um\x64\WindowsApp.lib'."
"Message",Normal,"          P/Invoke 'GetCPInfoExW' resolved to 'api-ms-win-core-localization-l1-2-1.dll!GetCPInfoExW' from 'C:\Program Files (x86)\Windows Kits\10\lib\10.0.14393.0\um\x64\WindowsApp.lib'."
"Message",Normal,"          P/Invoke '#10' resolved to 'ws2_32.dll!#10' from 'C:\Program Files (x86)\Windows Kits\10\lib\10.0.14393.0\um\x64\WindowsApp.lib'."
"Message",Normal,"          P/Invoke '#22' resolved to 'ws2_32.dll!#22' from 'C:\Program Files (x86)\Windows Kits\10\lib\10.0.14393.0\um\x64\WindowsApp.lib'."
"Message",Normal,"          P/Invoke '#21' resolved to 'ws2_32.dll!#21' from 'C:\Program Files (x86)\Windows Kits\10\lib\10.0.14393.0\um\x64\WindowsApp.lib'."
"Message",Normal,"          P/Invoke '#16' resolved to 'ws2_32.dll!#16' from 'C:\Program Files (x86)\Windows Kits\10\lib\10.0.14393.0\um\x64\WindowsApp.lib'."
"Message",Normal,"          P/Invoke 'WSASocketW' resolved to 'ws2_32.dll!WSASocketW' from 'C:\Program Files (x86)\Windows Kits\10\lib\10.0.14393.0\um\x64\WindowsApp.lib'."
"Message",Normal,"          P/Invoke '#6' resolved to 'ws2_32.dll!#6' from 'C:\Program Files (x86)\Windows Kits\10\lib\10.0.14393.0\um\x64\WindowsApp.lib'."
"Message",Normal,"          P/Invoke '#5' resolved to 'ws2_32.dll!#5' from 'C:\Program Files (x86)\Windows Kits\10\lib\10.0.14393.0\um\x64\WindowsApp.lib'."
"Message",Normal,"          P/Invoke '#19' resolved to 'ws2_32.dll!#19' from 'C:\Program Files (x86)\Windows Kits\10\lib\10.0.14393.0\um\x64\WindowsApp.lib'."
"Message",Normal,"          P/Invoke 'RtlIpv6AddressToStringExW' resolved to 'ntdll.dll!RtlIpv6AddressToStringExW' from 'C:\Program Files (x86)\Windows Kits\10\lib\10.0.14393.0\um\x64\WindowsApp.lib'."
"Message",Normal,"          P/Invoke 'RtlIpv4AddressToStringExW' resolved to 'ntdll.dll!RtlIpv4AddressToStringExW' from 'C:\Program Files (x86)\Windows Kits\10\lib\10.0.14393.0\um\x64\WindowsApp.lib'."
"Message",Normal,"          P/Invoke '#57' resolved to 'ws2_32.dll!#57' from 'C:\Program Files (x86)\Windows Kits\10\lib\10.0.14393.0\um\x64\WindowsApp.lib'."
"Message",Normal,"          P/Invoke '#18' resolved to 'ws2_32.dll!#18' from 'C:\Program Files (x86)\Windows Kits\10\lib\10.0.14393.0\um\x64\WindowsApp.lib'."
"Message",Normal,"          P/Invoke '#18' resolved to 'ws2_32.dll!#18' from 'C:\Program Files (x86)\Windows Kits\10\lib\10.0.14393.0\um\x64\WindowsApp.lib'."
"Message",Normal,"          P/Invoke 'CoCreateInstance' with [DllImport(ExactSpelling=true)] resolved to 'api-ms-win-core-com-l1-1-0.dll!CoCreateInstance'."
"Message",Normal,"          P/Invoke '#115' resolved to 'ws2_32.dll!#115' from 'C:\Program Files (x86)\Windows Kits\10\lib\10.0.14393.0\um\x64\WindowsApp.lib'."
"Message",Normal,"          P/Invoke '#7' resolved to 'ws2_32.dll!#7' from 'C:\Program Files (x86)\Windows Kits\10\lib\10.0.14393.0\um\x64\WindowsApp.lib'."
"Message",Normal,"          P/Invoke '#3' resolved to 'ws2_32.dll!#3' from 'C:\Program Files (x86)\Windows Kits\10\lib\10.0.14393.0\um\x64\WindowsApp.lib'."
"Message",Normal,"          P/Invoke '#10' resolved to 'ws2_32.dll!#10' from 'C:\Program Files (x86)\Windows Kits\10\lib\10.0.14393.0\um\x64\WindowsApp.lib'."
"Message",Normal,"          P/Invoke 'WSAEventSelect' resolved to 'ws2_32.dll!WSAEventSelect' from 'C:\Program Files (x86)\Windows Kits\10\lib\10.0.14393.0\um\x64\WindowsApp.lib'."
"Message",Normal,"          P/Invoke '#21' resolved to 'ws2_32.dll!#21' from 'C:\Program Files (x86)\Windows Kits\10\lib\10.0.14393.0\um\x64\WindowsApp.lib'."
"Message",Normal,"          P/Invoke '#6' resolved to 'oleaut32.dll!#6' from 'C:\Program Files (x86)\Windows Kits\10\lib\10.0.14393.0\um\x64\WindowsApp.lib'."
"Message",Normal,"          P/Invoke '#7' resolved to 'ws2_32.dll!#7' from 'C:\Program Files (x86)\Windows Kits\10\lib\10.0.14393.0\um\x64\WindowsApp.lib'."
"Message",Normal,"          P/Invoke '#7' resolved to 'ws2_32.dll!#7' from 'C:\Program Files (x86)\Windows Kits\10\lib\10.0.14393.0\um\x64\WindowsApp.lib'."
"Message",Normal,"          P/Invoke '#7' resolved to 'ws2_32.dll!#7' from 'C:\Program Files (x86)\Windows Kits\10\lib\10.0.14393.0\um\x64\WindowsApp.lib'."
"Message",Normal,"          P/Invoke 'FormatMessageW' resolved to 'api-ms-win-core-localization-l1-2-1.dll!FormatMessageW' from 'C:\Program Files (x86)\Windows Kits\10\lib\10.0.14393.0\um\x64\WindowsApp.lib'."
"Message",Normal,"          P/Invoke 'GetNameInfoW' resolved to 'ws2_32.dll!GetNameInfoW' from 'C:\Program Files (x86)\Windows Kits\10\lib\10.0.14393.0\um\x64\WindowsApp.lib'."
"Message",Normal,"          P/Invoke '#51' resolved to 'ws2_32.dll!#51' from 'C:\Program Files (x86)\Windows Kits\10\lib\10.0.14393.0\um\x64\WindowsApp.lib'."
"Message",Normal,"          P/Invoke '#52' resolved to 'ws2_32.dll!#52' from 'C:\Program Files (x86)\Windows Kits\10\lib\10.0.14393.0\um\x64\WindowsApp.lib'."
"Message",Normal,"          P/Invoke 'GetAddrInfoW' resolved to 'ws2_32.dll!GetAddrInfoW' from 'C:\Program Files (x86)\Windows Kits\10\lib\10.0.14393.0\um\x64\WindowsApp.lib'."
"Message",Normal,"          P/Invoke 'WSASocketW' resolved to 'ws2_32.dll!WSASocketW' from 'C:\Program Files (x86)\Windows Kits\10\lib\10.0.14393.0\um\x64\WindowsApp.lib'."
"Message",Normal,"          P/Invoke '#3' resolved to 'ws2_32.dll!#3' from 'C:\Program Files (x86)\Windows Kits\10\lib\10.0.14393.0\um\x64\WindowsApp.lib'."
"Message",Normal,"          P/Invoke 'freeaddrinfo' resolved to 'ws2_32.dll!freeaddrinfo' from 'C:\Program Files (x86)\Windows Kits\10\lib\10.0.14393.0\um\x64\WindowsApp.lib'."
"Message",Normal,"          P/Invoke 'RoGetBufferMarshaler' resolved to 'api-ms-win-core-winrt-robuffer-l1-1-0.dll!RoGetBufferMarshaler' from 'C:\Program Files (x86)\Windows Kits\10\lib\10.0.14393.0\um\x64\WindowsApp.lib'."
"Message",High,"  Generating code..."
"Message",High,"  Interop code generated."
"Message",Normal,"  Written code to AssemblyInfo.g.cs"
"Message",Normal,"  Written code to Adapters.g.cs"
"Message",Normal,"  Written code to Data.g.cs"
"Message",Normal,"  Written code to Helpers.g.cs"
"Message",Normal,"  Written code to ImplTypes.g.cs"
"Message",Normal,"  Written code to PInvoke.g.cs"
"Message",Normal,"  Written code to SafeTypes.g.cs"
"Message",Normal,"  Written code to SharedStubs.g.cs"
"Message",Normal,"Running 'GenerateCodeAndCompile' transform, heap at 174 MB."
"Message",High,"Generating serialization code"
"Message",High,"Compiling interop code"
"Message",Normal,"Compiling generated source code: C:\Users\Friede\.nuget\packages\microsoft.net.native.compiler\1.6.0\tools\x64\ilc\csc\csc.exe /noconfig @""e:\documents\visual studio 2017\Projects\RemoteWhiteboard\RemoteWhiteboard\obj\x64\Release\ilc\intermediate\RemoteWhiteboard.McgInterop.rsp"""
"Message",High,"Generating System.Reflection.DispatchProxy proxy code."
"Message",Normal,"Running 'DumpNativeResources' transform, heap at 175 MB."
"Message",Normal,"Running 'ReducedCopyInitialize' transform, heap at 175 MB."
"Message",Normal,"Running 'ReducedCopyEmptyTypes' transform, heap at 103 MB."
"Message",Normal,"Running 'ReducedCopyPopulateTypes' transform, heap at 109 MB."
"Message",Normal,"Running 'ReducedCopyLateMetadata' transform, heap at 123 MB."
"Message",Normal,"Running 'ReducedCopyMethodBodies' transform, heap at 136 MB."
"Message",Normal,"Running 'ReducedCopyComplete' transform, heap at 158 MB."
"Message",Normal,"Running 'ReducedCopyCleanup' transform, heap at 176 MB."
"Message",Normal,"Running 'DeveloperExperienceModeOnlyCodeRemover' transform, heap at 97 MB."
"Message",Normal,"Running 'ComImportDetector' transform, heap at 104 MB."
"Message",Normal,"Running 'McgAccessor' transform, heap at 104 MB."
"Message",Normal,"Running 'McgRedirect' transform, heap at 105 MB."
"Message",Normal,"Running 'McgRedirect' transform, heap at 108 MB."
"Message",Normal,"Running 'McgTypeOf' transform, heap at 108 MB."
"Message",Normal,"Running 'ExceptionMiniaturizer' transform, heap at 111 MB."
"Message",Normal,"Running 'EventSource' transform, heap at 119 MB."
"Message",Normal,"Running 'ValueType' transform, heap at 119 MB."
"Message",Normal,"Running 'Attribute' transform, heap at 120 MB."
"Message",Normal,"Running 'GetType' transform, heap at 120 MB."
"Message",Normal,"Running 'McgFixups' transform, heap at 120 MB."
"Message",Normal,"Running 'ResourceManagerCtor' transform, heap at 121 MB."
"Message",Normal,"Running 'TypeofTypeHandle' transform, heap at 121 MB."
"Message",Normal,"Running 'DispatchProxyIntrinsics' transform, heap at 123 MB."
"Message",Normal,"Running 'StaticInitData' transform, heap at 124 MB."
"Message",Normal,"Running 'StartupCodeInjector' transform, heap at 132 MB."
"Message",Normal,"Running 'InjectAppContextSwitches' transform, heap at 132 MB."
"Message",Normal,"Running 'ImplementLibraryDynamicInvokeHelpers' transform, heap at 132 MB."
"Message",Normal,"Running 'Delegate' transform, heap at 132 MB."
"Message",Normal,"Running 'DelegateCtorCall' transform, heap at 138 MB."
"Message",Normal,"Running 'LazyGenerics' transform, heap at 139 MB."
"Message",Normal,"Running 'AddReflectionBlockedAttributes' transform, heap at 147 MB."
"Message",Normal,"Running 'DisableOptimization' transform, heap at 148 MB."
"Message",Normal,"Running 'CreateMetadata' transform, heap at 148 MB."
"Message",Normal,"Running 'SaveRVAStatics' transform, heap at 160 MB."
"Message",Normal,"Running 'ReflectionInvoke' transform, heap at 161 MB."
"Message",Normal,"Running 'ScrubOpenCalls' transform, heap at 162 MB."
"Message",Normal,"Running 'ConvertCatchIntoFilter' transform, heap at 162 MB."
"Message",Normal,"Running 'ReflectionMappingInfoEmit' transform, heap at 162 MB."
"Message",Normal,"Running 'ConvertManagedWinMD' transform, heap at 163 MB."
"Message",Normal,"Running 'Reducer' transform, heap at 163 MB."
"Message",High,"Cleaning up unreferenced code"
"Message",Normal,"Running 'WriteAssemblies' transform, heap at 216 MB."
"Message",Normal,""
"Message",Normal,"Transform summary"
"Message",Normal,"    ms | heap delta | name"
"Message",Normal,"  4184 |          1 | GenerateCodeAndCompile"
"Message",Normal,"  3929 |         79 | Analysis"
"Message",Normal,"  1587 |        -53 | WriteAssemblies"
"Message",Normal,"   997 |         77 | Mcg"
"Message",Normal,"   676 |        -72 | ReducedCopyInitialize"
"Message",Normal,"   591 |         53 | Reducer"
"Message",Normal,"   279 |        -79 | ReducedCopyCleanup"
"Message",Normal,"   237 |         12 | CreateMetadata"
"Message",Normal,"   208 |         18 | ReducedCopyComplete"
"Message",Normal,"   149 |         14 | ReducedCopyPopulateTypes"
"Message",Normal,"   132 |         22 | ReducedCopyMethodBodies"
"Message",Normal,"   100 |          8 | StaticInitData"
"Message",Normal,"    89 |         13 | ReducedCopyLateMetadata"
"Message",Normal,"    73 |          3 | McgRedirect"
"Message",Normal,"    69 |          8 | LazyGenerics"
"Message",Normal,"    66 |          3 | McgTypeOf"
"Message",Normal,"    42 |          6 | Delegate"
"Message",Normal,"    42 |          8 | ExceptionMiniaturizer"
"Message",Normal,"    36 |          6 | ReducedCopyEmptyTypes"
"Message",Normal,"    30 |          0 | McgRedirect"
"Message",Normal,"    29 |          2 | TypeofTypeHandle"
"Message",Normal,"    21 |          1 | DelegateCtorCall"
"Message",Normal,"    19 |          1 | McgAccessor"
"Message",Normal,"    18 |          1 | McgFixups"
"Message",Normal,"    14 |          1 | SaveRVAStatics"
"Message",Normal,"    12 |          0 | StartupCodeInjector"
"Message",Normal,"    11 |          1 | ValueType"
"Message",Normal,"     8 |          7 | DeveloperExperienceModeOnlyCodeRemover"
"Message",Normal,"     7 |          1 | ReflectionInvoke"
"Message",Normal,"     7 |          0 | GetType"
"Message",Normal,"     6 |          1 | ReflectionMappingInfoEmit"
"Message",Normal,"     6 |          1 | DispatchProxyIntrinsics"
"Message",Normal,"     5 |          0 | ScrubOpenCalls"
"Message",Normal,"     4 |          0 | ConvertCatchIntoFilter"
"Message",Normal,"     4 |          0 | Attribute"
"Message",Normal,"     4 |          0 | DumpNativeResources"
"Message",Normal,"     3 |          0 | ResourceManagerCtor"
"Message",Normal,"     2 |          0 | EventSource"
"Message",Normal,"     1 |          0 | InjectAppContextSwitches"
"Message",Normal,"     1 |          0 | ComImportDetector"
"Message",Normal,"     1 |          1 | AddReflectionBlockedAttributes"
"Message",Normal,"     0 |          0 | DisableOptimization"
"Message",Normal,"     0 |          0 | ImplementLibraryDynamicInvokeHelpers"
"Message",Normal,"     0 |          0 | ConvertManagedWinMD"
"Message",Low,"Done executing task ""RunILTransforms""."
"Message",Low,"Done building target ""RunILTransforms"" in file ""ILTransforms""."
"Message",Low,"Done building project ""ILTransforms""."
"Message",Low,""
"Message",Low,""
"Message",Low,"Done building target ""GenerateMDIL"" in file ""Nutc""."
"Message",Low,""
"Message",High,"Generating native code"
"Message",Low,"Done building target ""MDILPrepareMultiFile"" in file ""Nutc""."
"Message",Low,""
"Message",Low,"Done building target ""SetBinaryForReferences"" in file ""Nutc""."
"Message",Low,""
"Message",Low,"Task ""GenerateMDILGlobalAnalysis"""
"Message",Normal,"Launching 'C:\Users\Friede\.nuget\packages\microsoft.net.native.compiler\1.6.0\tools\x64\ilc\Tools\nutc_driver.exe @""e:\documents\visual studio 2017\Projects\RemoteWhiteboard\RemoteWhiteboard\obj\x64\Release\ilc\intermediate\MDIL\RemoteWhiteboard.rsp""'"
"Message",Low,"Microsoft (R) MDIL Compiler - Version 1.6.24911.00"
"Message",Low,"Copyright (c) Microsoft Corporation.  All rights reserved."
"Message",Low,"Scanning input types"
"Message",Low,"Scanning 2793 methods."
"Message",Low,"Scanning 1556 methods."
"Message",Low,"Scanning 693 methods."
"Message",Low,"Scanning 303 methods."
"Message",Low,"Scanning 1608 methods."
"Message",Low,"Scanning 996 methods."
"Message",Low,"Scanning 326 methods."
"Message",Low,"Scanning 258 methods."
"Message",Low,"Scanning 105 methods."
"Message",Low,"Scanning 50 methods."
"Message",Low,"Scanning 36 methods."
"Message",Low,"Scanning 24 methods."
"Message",Low,"Scanning 16 methods."
"Message",Low,"Scanning 6 methods."
"Message",Low,"Scanning 7 methods."
"Message",Low,"Scanning 19 methods."
"Message",Low,"Scanning 42 methods."
"Message",Low,"Scanning 54 methods."
"Message",Low,"Scanning 103 methods."
"Message",Low,"Scanning 69 methods."
"Message",Low,"Scanning 44 methods."
"Message",Low,"Scanning 4 methods."
"Message",Low,"Eager code generation"
"Message",Low,"Compiling 9112 methods."
"Message",Low,"Deferred code generation"
"Message",Low,"Compiling 1 methods."
"Message",Low,"Compiling 2 methods."
"Message",Low,"Successfully generated 'e:\documents\visual studio 2017\Projects\RemoteWhiteboard\RemoteWhiteboard\obj\x64\Release\ilc\intermediate\MDIL\RemoteWhiteboard.mdilexe'"
"Message",Low,"Successfully generated 'e:\documents\visual studio 2017\Projects\RemoteWhiteboard\RemoteWhiteboard\obj\x64\Release\ilc\intermediate\MDIL\RemoteWhiteboard.mdilpdb'"
"Message",Normal,"'C:\Users\Friede\.nuget\packages\microsoft.net.native.compiler\1.6.0\tools\x64\ilc\Tools\nutc_driver.exe @""e:\documents\visual studio 2017\Projects\RemoteWhiteboard\RemoteWhiteboard\obj\x64\Release\ilc\intermediate\MDIL\RemoteWhiteboard.rsp""' completed."
"Message",Normal,"Process execution statistics (all times in milliseconds)"
"Message",Normal,"-----------------------------------------------------------------------------"
"Message",Normal,"launch  |  start   |   stop   |   end    | duration | lifetime | [slot] name"
"Message",Normal,"-----------------------------------------------------------------------------"
"Message",Normal,"       0 |        0 |     5516 |     5516 |     5516 |     5516 | [0] Nutc GlobalAnalysis"
"Message",Normal,"Number of commands:      1"
"Message",Normal,"Total system time:       5516 ms"
"Message",Normal,"System time per command: 5516 ms"
"Message",Normal,"Total duration:          5516 ms"
"Message",Normal,"Total lifetime:          5516 ms"
"Message",Normal,"Requested DOP:           4"
"Message",Normal,"Duration DOP:            1.0"
"Message",Normal,"Lifetime DOP:            1.0"
"Message",Low,"Done executing task ""GenerateMDILGlobalAnalysis""."
"Message",Low,"Done building target ""GenerateMDILGlobalAnalysis"" in file ""Nutc""."
"Message",Low,""
"Message",Low,"Task ""rc"""
"Message",Normal,"Launching 'C:\Program Files (x86)\Windows Kits\10\bin\x64\rc.exe /c ""65001"" /r /fo ""e:\documents\visual studio 2017\Projects\RemoteWhiteboard\RemoteWhiteboard\obj\x64\Release\ilc\intermediate\BuildInfo\BuildInfo.res"" ""e:\documents\visual studio 2017\Projects\RemoteWhiteboard\RemoteWhiteboard\obj\x64\Release\ilc\intermediate\BuildInfo\BuildInfo.rc""'"
"Message",Low,"Microsoft (R) Windows (R) Resource Compiler Version 10.0.10011.16384"
"Message",Low,"Copyright (C) Microsoft Corporation.  All rights reserved."
"Message",Normal,"'C:\Program Files (x86)\Windows Kits\10\bin\x64\rc.exe /c ""65001"" /r /fo ""e:\documents\visual studio 2017\Projects\RemoteWhiteboard\RemoteWhiteboard\obj\x64\Release\ilc\intermediate\BuildInfo\BuildInfo.res"" ""e:\documents\visual studio 2017\Projects\RemoteWhiteboard\RemoteWhiteboard\obj\x64\Release\ilc\intermediate\BuildInfo\BuildInfo.rc""' completed."
"Message",Normal,"Process execution statistics (all times in milliseconds)"
"Message",Normal,"-----------------------------------------------------------------------------"
"Message",Normal,"launch  |  start   |   stop   |   end    | duration | lifetime | [slot] name"
"Message",Normal,"-----------------------------------------------------------------------------"
"Message",Normal,"       0 |        0 |       93 |       93 |       93 |       93 | [0] rc"
"Message",Normal,"Number of commands:      1"
"Message",Normal,"Total system time:       93 ms"
"Message",Normal,"System time per command: 93 ms"
"Message",Normal,"Total duration:          93 ms"
"Message",Normal,"Total lifetime:          93 ms"
"Message",Normal,"Requested DOP:           4"
"Message",Normal,"Duration DOP:            1.0"
"Message",Normal,"Lifetime DOP:            1.0"
"Message",Low,"Done executing task ""rc""."
"Message",Low,"Task ""ResourceBinaryConcatenate"""
"Message",Normal,"Concatenating into 'e:\documents\visual studio 2017\Projects\RemoteWhiteboard\RemoteWhiteboard\obj\x64\Release\ilc\intermediate\Native.res' with alignment '4'."
"Message",Normal," Added 'e:\documents\visual studio 2017\Projects\RemoteWhiteboard\RemoteWhiteboard\obj\x64\Release\ilc\intermediate\ILTransformed\RemoteWhiteboard.res' at offset 0."
"Message",Normal," Added 'e:\documents\visual studio 2017\Projects\RemoteWhiteboard\RemoteWhiteboard\obj\x64\Release\ilc\intermediate\BuildInfo\BuildInfo.res' at offset 1448."
"Message",Low,"Done executing task ""ResourceBinaryConcatenate""."
"Message",Low,"Done building target ""GenerateBuildInfo"" in file ""Nutc""."
"Message",Low,"Done building project ""Nutc""."
"Message",Low,""
"Message",Low,""
"Message",Low,"Done building target ""MDILBindPrepare"" in file ""Binder""."
"Message",Low,""
"Message",High,"Generating fixups for native code"
"Message",Low,"Task ""MDILBind"""
"Message",Normal,"Launching 'C:\Users\Friede\.nuget\packages\microsoft.net.native.compiler\1.6.0\tools\x64\ilc\Tools\rhbind.exe @""e:\documents\visual studio 2017\Projects\RemoteWhiteboard\RemoteWhiteboard\obj\x64\Release\ilc\intermediate\rhbindargs.RemoteWhiteboard.rsp""'"
"Message",Low,"OS VERSION: major: 6  minor: 2"
"Message",Low,"MDIL: e:\documents\visual studio 2017\Projects\RemoteWhiteboard\RemoteWhiteboard\obj\x64\Release\ilc\intermediate\MDIL\RemoteWhiteboard.mdilexe"
"Message",Low,"MDILPDB: e:\documents\visual studio 2017\Projects\RemoteWhiteboard\RemoteWhiteboard\obj\x64\Release\ilc\intermediate\MDIL\RemoteWhiteboard.mdilpdb"
"Message",Low,"IL: e:\documents\visual studio 2017\Projects\RemoteWhiteboard\RemoteWhiteboard\obj\x64\Release\ilc\intermediate\MDIL\RemoteWhiteboard.ilexe"
"Message",Low,"NI: e:\documents\visual studio 2017\Projects\RemoteWhiteboard\RemoteWhiteboard\obj\x64\Release\ilc\intermediate\Native\RemoteWhiteboard.dll"
"Message",Low,"SHIM: e:\documents\visual studio 2017\Projects\RemoteWhiteboard\RemoteWhiteboard\obj\x64\Release\ilc\intermediate\Native\RemoteWhiteboard.exe"
"Message",Low,"REDHAWK_RUNTIME_DLL_NAME_A=mrt100_app.dll"
"Message",Low,"pdb: e:\documents\visual studio 2017\Projects\RemoteWhiteboard\RemoteWhiteboard\obj\x64\Release\ilc\intermediate\Native\RemoteWhiteboard.pdb"
"Message",Low,"Produced e:\documents\visual studio 2017\Projects\RemoteWhiteboard\RemoteWhiteboard\obj\x64\Release\ilc\intermediate\Native\RemoteWhiteboard.dll in 0.474 seconds"
"Message",Normal,"'C:\Users\Friede\.nuget\packages\microsoft.net.native.compiler\1.6.0\tools\x64\ilc\Tools\rhbind.exe @""e:\documents\visual studio 2017\Projects\RemoteWhiteboard\RemoteWhiteboard\obj\x64\Release\ilc\intermediate\rhbindargs.RemoteWhiteboard.rsp""' completed."
"Message",Normal,"Process execution statistics (all times in milliseconds)"
"Message",Normal,"-----------------------------------------------------------------------------"
"Message",Normal,"launch  |  start   |   stop   |   end    | duration | lifetime | [slot] name"
"Message",Normal,"-----------------------------------------------------------------------------"
"Message",Normal,"       0 |        0 |      500 |      500 |      500 |      500 | [0] rhbind RemoteWhiteboard"
"Message",Normal,"Number of commands:      1"
"Message",Normal,"Total system time:       500 ms"
"Message",Normal,"System time per command: 500 ms"
"Message",Normal,"Total duration:          500 ms"
"Message",Normal,"Total lifetime:          500 ms"
"Message",Normal,"Requested DOP:           4"
"Message",Normal,"Duration DOP:            1.0"
"Message",Normal,"Lifetime DOP:            1.0"
"Message",Low,"Done executing task ""MDILBind""."
"Message",Low,"Done building target ""MDILBind"" in file ""Binder""."
"Message",Low,"Done building project ""Binder""."
"Message",Low,""
"Message",Low,""
"Message",Low,"Done building target ""CopyNativeExecutablesToOutput"" in file ""Deployment""."
"Message",Low,""
"Message",Low,"Task ""TransformAppxManifest"""
"Message",Low,"Done executing task ""TransformAppxManifest""."
"Message",Low,"Done building target ""TransformAppxManifestAndAddCrt"" in file ""Deployment""."
"Message",Low,""
"Message",Low,"Done building target ""CopyPackageResourceFileInRetailBuild"" in file ""Deployment""."
"Message",Low,"Done building project ""Deployment""."
"Message",Low,"Compilation finished"
